organizerName,eventTitle,dateTime,banner_link,logo_url,facebook,instagram,twitter,personal website,LinkedIn,Pinterest,WeChat,WhatsApp,TikTok,eventbrite event link
Jacob Weaver Group,Seattle Regional Rally eXp Realty,"Wednesday, April 30 · 8am - 4pm PDT",https://img.evbuc.com/https%3A%2F%2Fcdn.evbuc.com%2Fimages%2F994329843%2F2506649628371%2F1%2Foriginal.20250327-164747?crop=focalpoint&fit=crop&w=600&auto=format%2Ccompress&q=75&sharp=10&fp-x=0.170454545455&fp-y=0.53531598513&s=81204a85bff7813f123605d748437b98,https://img.evbuc.com/https%3A%2F%2Fcdn.evbuc.com%2Fimages%2F951769213%2F2506649628371%2F1%2Foriginal.20250203-222047?w=512&auto=format%2Ccompress&q=75&sharp=10&rect=0%2C0%2C1080%2C1080&s=d4d5baafdb99b4c033e2a3ad8eae0500,,,,https://jacobweavergroup.com/,,,,,,https://www.eventbrite.com/e/seattle-regional-rally-exp-realty-tickets-1206017764599?aff=ebdssbdestsearch
Substation,Truckfighters with The Well and Restless Spirit and guests,"Wednesday, April 30 · 7 - 11pm PDT",https://img.evbuc.com/https%3A%2F%2Fcdn.evbuc.com%2Fimages%2F977276943%2F293595957504%2F1%2Foriginal.20250306-193615?w=600&auto=format%2Ccompress&q=75&sharp=10&s=401cd4acd4bd8da1f72df85d8d879f4e,https://img.evbuc.com/https%3A%2F%2Fcdn.evbuc.com%2Fimages%2F603559589%2F293595957504%2F1%2Foriginal.20230921-190848?w=512&auto=format%2Ccompress&q=75&sharp=10&rect=119%2C383%2C793%2C793&s=6a94ac3094ca2b84d697bfef192b6407,https://www.facebook.com/substationseattle,,https://www.twitter.com/substation206,http://www.substationseattle.com/,,,,,,https://www.eventbrite.com/e/truckfighters-with-the-well-and-restless-spirit-and-guests-tickets-1245487128529?aff=ebdssbdestsearch
Women in Tech Regatta,Seattle Women in Tech Regatta 2025,N/A,https://img.evbuc.com/https%3A%2F%2Fcdn.evbuc.com%2Fimages%2F934988893%2F67676749135%2F1%2Foriginal.20250114-024856?crop=focalpoint&fit=crop&w=600&auto=format%2Ccompress&q=75&sharp=10&fp-x=0.13446969697&fp-y=0.527173913043&s=22486d22a815ae28bb74c5dadb63771b,https://img.evbuc.com/https%3A%2F%2Fcdn.evbuc.com%2Fimages%2F232925469%2F67676749135%2F1%2Foriginal.20220219-005339?w=512&auto=format%2Ccompress&q=75&sharp=10&rect=0%2C0%2C1500%2C1500&s=cb9c4f011db64a7b4464bb0d200b4f88,https://www.facebook.com/womenintechregatta,,https://www.twitter.com/witregatta,https://www.womenintechregatta.com/,,,,,,https://www.eventbrite.com/e/seattle-women-in-tech-regatta-2025-tickets-1143339231419?aff=ebdssbdestsearch
Seattle Hotel Concierge Association,2025 Seattle Hospitality Tradeshow,"Monday, April 21 · 4 - 7pm PDT",https://img.evbuc.com/https%3A%2F%2Fcdn.evbuc.com%2Fimages%2F954032883%2F247368784680%2F1%2Foriginal.20250206-035706?crop=focalpoint&fit=crop&w=600&auto=format%2Ccompress&q=75&sharp=10&fp-x=0.005&fp-y=0.005&s=692b702bf5902349a3ba0b0a5b13bc42,https://img.evbuc.com/https%3A%2F%2Fcdn.evbuc.com%2Fimages%2F42130826%2F247368784680%2F2%2Foriginal.jpg?w=225&auto=format%2Ccompress&q=75&sharp=10&s=3abcb6fdf2f4001f713bea68b693c1fb,https://www.facebook.com/seattlehotelconcierge,,https://www.twitter.com/SHCA_Concierge,http://www.seattlehotelconciergeassociation.org/,,,,,,https://www.eventbrite.com/e/2025-seattle-hospitality-tradeshow-registration-1235103851869?aff=ebdssbdestsearch
Harmonia Orchestra & Chorus,Spring Rites,"Saturday, May 3 · 7:30 - 9:30pm PDT",https://img.evbuc.com/https%3A%2F%2Fcdn.evbuc.com%2Fimages%2F824630579%2F551569065447%2F1%2Foriginal.20240811-035951?w=600&auto=format%2Ccompress&q=75&sharp=10&rect=0%2C52%2C1400%2C700&s=3cfe09b9e29f6c0437ed45f676ad5193,https://img.evbuc.com/https%3A%2F%2Fcdn.evbuc.com%2Fimages%2F143081757%2F551569065447%2F1%2Foriginal.20210729-211253?w=225&auto=format%2Ccompress&q=75&sharp=10&s=b64edc55b2117c751bd83fc336427c3b,,,https://www.twitter.com/HarmoniaSeattle,https://www.harmoniaseattle.org/,,,,,,https://www.eventbrite.com/e/spring-rites-tickets-922096133357?aff=ebdssbdestsearch
Glazer's Camera,"Lighting Masterclass: A Night with Top Pro, Jerry Ghionis","Thursday, April 24 · 5 - 8pm PDT",https://img.evbuc.com/https%3A%2F%2Fcdn.evbuc.com%2Fimages%2F998651183%2F540473085511%2F1%2Foriginal.20250402-080158?w=600&auto=format%2Ccompress&q=75&sharp=10&s=3f127ff03b98d215301a1bef2068db2e,https://img.evbuc.com/https%3A%2F%2Fcdn.evbuc.com%2Fimages%2F413230519%2F1171100638433%2F1%2Foriginal.20221222-005625?w=512&auto=format%2Ccompress&q=75&sharp=10&rect=0%2C0%2C2000%2C2000&s=5b429fcc94561961d300c7d4b189bbc3,https://www.facebook.com/263216604780,,https://www.twitter.com/glazerscamera,http://www.glazerscamera.com/,,,,,,https://www.eventbrite.com/e/lighting-masterclass-a-night-with-top-pro-jerry-ghionis-tickets-1307457413319?aff=ebdssbdestsearch
Northwest Voice,The Art and Science of the Performing Voice 2025,April 25 · 8am - April 26 · 5pm PDT,https://img.evbuc.com/https%3A%2F%2Fcdn.evbuc.com%2Fimages%2F844861929%2F162170094565%2F1%2Foriginal.20240908-192407?crop=focalpoint&fit=crop&w=600&auto=format%2Ccompress&q=75&sharp=10&fp-x=0.005&fp-y=0.005&s=01f1f1ef0bbb7d6cd16f0f873c53634b,https://img.evbuc.com/https%3A%2F%2Fcdn.evbuc.com%2Fimages%2F844987289%2F162170094565%2F1%2Foriginal.20240909-001600?w=512&auto=format%2Ccompress&q=75&sharp=10&rect=0%2C906%2C3700%2C3700&s=01396638aacdd7dbafdfe8e33de9b126,https://www.facebook.com/nwvoice,,https://www.twitter.com/NWVoiceASPV,https://northwestvoice.org/,,,,,,https://www.eventbrite.com/e/the-art-and-science-of-the-performing-voice-2025-tickets-1012392462107?aff=ebdssbdestsearch
Ukrainian Films USA,Seattle/ Мюзикл «Ти [Романтика]» у кіно,"Thursday, April 17 · 7 - 9pm PDT",https://img.evbuc.com/https%3A%2F%2Fcdn.evbuc.com%2Fimages%2F987115223%2F294391790611%2F1%2Foriginal.20250318-230747?crop=focalpoint&fit=crop&w=600&auto=format%2Ccompress&q=75&sharp=10&fp-x=0.0776515151515&fp-y=0.689419795222&s=155886bd3a78681e554c7a3b4e15cb80,https://img.evbuc.com/https%3A%2F%2Fcdn.evbuc.com%2Fimages%2F73727855%2F294391790611%2F2%2Foriginal.png?h=246&auto=format%2Ccompress&q=75&sharp=10&s=f8798fcfa434b1e50eca9284b13d472b,https://www.facebook.com/ukrfilmsusa,,,http://uafilmusa.com/,,,,,,https://www.eventbrite.com/e/seattle-tickets-1291586432789?aff=ebdssbdestsearch
Laughs Comedy Club,Comedian Alyce Chan April 24th - 8 PM at Laughs Comedy Club Seattle,"Thursday, April 24 · 8 - 9:30pm PDT",https://img.evbuc.com/https%3A%2F%2Fcdn.evbuc.com%2Fimages%2F882163513%2F396753427213%2F1%2Foriginal.20241024-030517?crop=focalpoint&fit=crop&w=600&auto=format%2Ccompress&q=75&sharp=10&fp-x=0.534090909091&fp-y=0.583955223881&s=5a61a95ffc872e7fcd391ee3ef2549b5,https://img.evbuc.com/https%3A%2F%2Fcdn.evbuc.com%2Fimages%2F557083679%2F396753427213%2F1%2Foriginal.20230718-074253?w=500&auto=format%2Ccompress&q=75&sharp=10&rect=0%2C0%2C500%2C500&s=d3030056ba0e047ae8a7cadbdb398911,https://www.facebook.com/LaughsComedySeattle,,https://www.twitter.com/laughscomedySEA,https://laughscomedyclub.com/,,,,,,https://www.eventbrite.com/e/comedian-alyce-chan-april-24th-8-pm-at-laughs-comedy-club-seattle-tickets-1055798595019?aff=ebdssbdestsearch
UW Rowing,The Annual Varsity Boat Club Reunion Night,"Friday, May 2 · 5 - 9pm PDT",https://img.evbuc.com/https%3A%2F%2Fcdn.evbuc.com%2Fimages%2F976350563%2F799958986393%2F1%2Foriginal.20250305-211936?crop=focalpoint&fit=crop&w=600&auto=format%2Ccompress&q=75&sharp=10&fp-x=0.0662878787879&fp-y=0.191091954023&s=cc5616ee3ec8dfc6c5d483f3627ef184,,,,,,,,,,,https://www.eventbrite.com/e/the-annual-varsity-boat-club-reunion-night-registration-1248386701229?aff=ebdssbdestsearch
DAYBREAKER,DAYBREAKER SEA // W BELLEVUE // APRIL 26,"Saturday, April 26 · 10am - 1pm PDT",https://img.evbuc.com/https%3A%2F%2Fcdn.evbuc.com%2Fimages%2F977042543%2F570162754513%2F1%2Foriginal.20250306-160927?crop=focalpoint&fit=crop&w=600&auto=format%2Ccompress&q=75&sharp=10&fp-x=0.00255681818182&fp-y=0.00457249070632&s=ec377fccd4375650d81b9ff80d050d25,https://img.evbuc.com/https%3A%2F%2Fcdn.evbuc.com%2Fimages%2F868979909%2F162648120486%2F1%2Foriginal.20241007-233534?w=512&auto=format%2Ccompress&q=75&sharp=10&rect=339%2C0%2C1333%2C1333&s=9c640cdba6b50d392c1d7682a1286949,,,,https://www.daybreaker.com/world,,,,,,https://www.eventbrite.com/e/daybreaker-sea-w-bellevue-april-26-tickets-1254544027959?aff=ebdssbdestsearch
Laidback Allure,Vacant Estate: Too Good To Be True (Day Party),"Saturday, April 19 · 4 - 8pm PDT",https://img.evbuc.com/https%3A%2F%2Fcdn.evbuc.com%2Fimages%2F999589483%2F222296101922%2F1%2Foriginal.20250403-030037?crop=focalpoint&fit=crop&w=600&auto=format%2Ccompress&q=75&sharp=10&fp-x=0.5&fp-y=0.5&s=6ca173efe6f93fe509e62cf64a2c09e1,https://img.evbuc.com/https%3A%2F%2Fcdn.evbuc.com%2Fimages%2F801313469%2F222296101922%2F1%2Foriginal.20240703-201641?w=512&auto=format%2Ccompress&q=75&sharp=10&rect=0%2C0%2C1170%2C1170&s=8ef8aaaae4766a1199312542c9ec4fe6,https://www.facebook.com/100064996693216,,,https://laidbackallure.com/,,,,,,https://www.eventbrite.com/e/vacant-estate-too-good-to-be-true-day-party-tickets-1311063108049?aff=ebdssbdestsearch
Substation,GLADDE PALING,April 25 · 10pm - April 26 · 2am PDT,https://img.evbuc.com/https%3A%2F%2Fcdn.evbuc.com%2Fimages%2F977261103%2F293595957504%2F1%2Foriginal.20250306-192159?crop=focalpoint&fit=crop&w=600&auto=format%2Ccompress&q=75&sharp=10&fp-x=0.5&fp-y=0.5&s=a1e9904c6af13793cfa176dbb1d0f08b,https://img.evbuc.com/https%3A%2F%2Fcdn.evbuc.com%2Fimages%2F603559589%2F293595957504%2F1%2Foriginal.20230921-190848?w=512&auto=format%2Ccompress&q=75&sharp=10&rect=119%2C383%2C793%2C793&s=6a94ac3094ca2b84d697bfef192b6407,https://www.facebook.com/substationseattle,,https://www.twitter.com/substation206,http://www.substationseattle.com/,,,,,,https://www.eventbrite.com/e/gladde-paling-tickets-1266695332839?aff=ebdssbdestsearch
KUOW Public Radio,KUOW Presents: The Splendid Table Live in Seattle,"Thursday, April 17 · 7:30 - 9pm PDT",https://img.evbuc.com/https%3A%2F%2Fcdn.evbuc.com%2Fimages%2F941403493%2F179140011236%2F1%2Foriginal.20250121-222011?crop=focalpoint&fit=crop&w=600&auto=format%2Ccompress&q=75&sharp=10&fp-x=0.0682081164736&fp-y=0.416945215481&s=43110f674edbf162cefa978c2bfbecce,https://img.evbuc.com/https%3A%2F%2Fcdn.evbuc.com%2Fimages%2F36249069%2F179140011236%2F2%2Foriginal.jpg?w=225&auto=format%2Ccompress&q=75&sharp=10&s=ddd94185d4f3c525e3ee3bcf2d1e6b54,https://www.facebook.com/KUOWPublicRadio,,,https://kuow.org/,,,,,,https://www.eventbrite.com/e/kuow-presents-the-splendid-table-live-in-seattle-tickets-1110794950599?aff=ebdssbdestsearch
Laughs Comedy Club,Hotties and Bodies - Thurs.April 17th - 8 PM at Laughs Comedy Club Seattle,"Thursday, April 17 · 8 - 10pm PDT. Doors at 8pm",https://img.evbuc.com/https%3A%2F%2Fcdn.evbuc.com%2Fimages%2F986148353%2F396753427213%2F1%2Foriginal.20250318-002120?w=600&auto=format%2Ccompress&q=75&sharp=10&s=3e09040f4000e54bf5bef7196dfc22ef,https://img.evbuc.com/https%3A%2F%2Fcdn.evbuc.com%2Fimages%2F557083679%2F396753427213%2F1%2Foriginal.20230718-074253?w=500&auto=format%2Ccompress&q=75&sharp=10&rect=0%2C0%2C500%2C500&s=d3030056ba0e047ae8a7cadbdb398911,https://www.facebook.com/LaughsComedySeattle,,https://www.twitter.com/laughscomedySEA,https://laughscomedyclub.com/,,,,,,https://www.eventbrite.com/e/hotties-and-bodies-thursapril-17th-8-pm-at-laughs-comedy-club-seattle-tickets-1286645243559?aff=ebdssbdestsearch
J Valentino,Mar - G & Vibra Latina Entertainment Presents: J Valentino & Eric Ochoa,"Saturday, April 19 · 7 - 9pm PDT. Doors at 6pm",https://img.evbuc.com/https%3A%2F%2Fcdn.evbuc.com%2Fimages%2F987144213%2F242687764313%2F1%2Foriginal.20250318-235419?crop=focalpoint&fit=crop&w=600&auto=format%2Ccompress&q=75&sharp=10&fp-x=0.513257575758&fp-y=0.307835820896&s=47e9119d3640a02183655f55b1070305,,,,,,,,,,,https://www.eventbrite.com/e/mar-g-vibra-latina-entertainment-presents-j-valentino-eric-ochoa-tickets-1274794477599?aff=ebdssbdestsearch
Substation,"TERNION SOUND: "" Farewell Tour"" with Criso",May 2 · 9pm - May 3 · 2am PDT,https://img.evbuc.com/https%3A%2F%2Fcdn.evbuc.com%2Fimages%2F969403893%2F293595957504%2F1%2Foriginal.20250225-215455?crop=focalpoint&fit=crop&w=600&auto=format%2Ccompress&q=75&sharp=10&fp-x=0.486381322957&fp-y=0.0927366857863&s=2a803a3ce06496ae09fae18e5423d407,https://img.evbuc.com/https%3A%2F%2Fcdn.evbuc.com%2Fimages%2F603559589%2F293595957504%2F1%2Foriginal.20230921-190848?w=512&auto=format%2Ccompress&q=75&sharp=10&rect=119%2C383%2C793%2C793&s=6a94ac3094ca2b84d697bfef192b6407,https://www.facebook.com/substationseattle,,https://www.twitter.com/substation206,http://www.substationseattle.com/,,,,,,https://www.eventbrite.com/e/ternion-sound-farewell-tour-with-criso-tickets-1260053115789?aff=ebdssbdestsearch
Somali Student Association UW,6th Annual SSA National (Entire) Conference,April 19 · 5pm - April 20 · 9pm PDT,https://img.evbuc.com/https%3A%2F%2Fcdn.evbuc.com%2Fimages%2F975257023%2F190318427213%2F1%2Foriginal.20250304-210803?crop=focalpoint&fit=crop&w=600&auto=format%2Ccompress&q=75&sharp=10&fp-x=0.00402896679319&fp-y=0.000431906629629&s=cba7e8fd521e05cd97dd0e1988da201c,,https://www.facebook.com/ssa.uw,,,,,,,,,https://www.eventbrite.com/e/6th-annual-ssa-national-entire-conference-tickets-1267884078409?aff=ebdssbdestsearch
Substation,Rudimental,May 17 · 10pm - May 18 · 2am PDT,https://img.evbuc.com/https%3A%2F%2Fcdn.evbuc.com%2Fimages%2F984633833%2F293595957504%2F1%2Foriginal.20250315-190346?crop=focalpoint&fit=crop&w=600&auto=format%2Ccompress&q=75&sharp=10&fp-x=0.466666666667&fp-y=1.0&s=0077b949d6bbef96ee32c6c7dd16a9e8,https://img.evbuc.com/https%3A%2F%2Fcdn.evbuc.com%2Fimages%2F603559589%2F293595957504%2F1%2Foriginal.20230921-190848?w=512&auto=format%2Ccompress&q=75&sharp=10&rect=119%2C383%2C793%2C793&s=6a94ac3094ca2b84d697bfef192b6407,https://www.facebook.com/substationseattle,,https://www.twitter.com/substation206,http://www.substationseattle.com/,,,,,,https://www.eventbrite.com/e/rudimental-tickets-1287566408789?aff=ebdssbdestsearch
North America Asian Food Industry Association,2025 Taste of Asia - Food & Restaurant Industry Confere（Seattle),"Monday, April 28 · 12 - 4:30pm PDT. Doors at 11:30am",https://img.evbuc.com/https%3A%2F%2Fcdn.evbuc.com%2Fimages%2F987273663%2F243555731851%2F1%2Foriginal.20250319-035020?crop=focalpoint&fit=crop&w=600&auto=format%2Ccompress&q=75&sharp=10&fp-x=0.834658187599&fp-y=0.5140625&s=9a8f54f868b02996970019209da1fa5f,https://img.evbuc.com/https%3A%2F%2Fcdn.evbuc.com%2Fimages%2F315976929%2F243555731851%2F1%2Foriginal.20220709-213351?w=512&auto=format%2Ccompress&q=75&sharp=10&rect=0%2C0%2C1976%2C1976&s=415d511d048ab43d35892408930c9e36,,,,,,,,,,https://www.eventbrite.com/e/2025-taste-of-asia-food-restaurant-industry-confereseattle-tickets-1292213408089?aff=ebdssbdestsearch
La Roxay Productions,AGUACERO x BBBB,April 19 · 9pm - April 20 · 2am PDT,https://img.evbuc.com/https%3A%2F%2Fcdn.evbuc.com%2Fimages%2F977571393%2F134551052194%2F1%2Foriginal.20250307-011415?crop=focalpoint&fit=crop&w=600&auto=format%2Ccompress&q=75&sharp=10&fp-x=0.5&fp-y=0.5&s=c7a2bce555ecb12f1ba1bc4b513c829b,,,,,,,,,,,https://www.eventbrite.com/e/aguacero-x-bbbb-tickets-1273253558669?aff=ebdssbdestsearch
AIA Seattle,2025 AIA Seattle Parti,"Tuesday, April 22 · 6 - 8:30pm PDT",https://img.evbuc.com/https%3A%2F%2Fcdn.evbuc.com%2Fimages%2F959507833%2F207163566514%2F1%2Foriginal.20250212-224617?crop=focalpoint&fit=crop&w=600&auto=format%2Ccompress&q=75&sharp=10&fp-x=0.5&fp-y=0.5&s=aae026494d388d8f770b8afbd7f0b0ce,,https://www.facebook.com/AIASeattle,,https://www.twitter.com/AIASeattle,,,,,,,https://www.eventbrite.com/e/2025-aia-seattle-parti-tickets-1247608152569?aff=ebdssbdestsearch
Fred Hutch - WHI,2025 WHI Investigator Meeting,May 1 · 8am - May 2 · 12:30pm PDT,https://img.evbuc.com/https%3A%2F%2Fcdn.evbuc.com%2Fimages%2F482585329%2F129397982451%2F1%2Foriginal.jpg?w=600&auto=format%2Ccompress&q=75&sharp=10&rect=0%2C0%2C2160%2C1080&s=14a826c64bf290cd013e585be214e49a,,,,,https://www.whi.org/,,,,,,https://www.eventbrite.com/e/2025-whi-investigator-meeting-tickets-1216939913039?aff=ebdssbdestsearch
Substation,Ryan Nevis,April 19 · 10pm - April 20 · 2am PDT,https://img.evbuc.com/https%3A%2F%2Fcdn.evbuc.com%2Fimages%2F977424163%2F293595957504%2F1%2Foriginal.20250306-215918?crop=focalpoint&fit=crop&w=600&auto=format%2Ccompress&q=75&sharp=10&fp-x=0.505681818182&fp-y=0.0194552529183&s=e5000e966a4acd38b40513e8a59d7a6b,https://img.evbuc.com/https%3A%2F%2Fcdn.evbuc.com%2Fimages%2F603559589%2F293595957504%2F1%2Foriginal.20230921-190848?w=512&auto=format%2Ccompress&q=75&sharp=10&rect=119%2C383%2C793%2C793&s=6a94ac3094ca2b84d697bfef192b6407,https://www.facebook.com/substationseattle,,https://www.twitter.com/substation206,http://www.substationseattle.com/,,,,,,https://www.eventbrite.com/e/ryan-nevis-tickets-1273116408449?aff=ebdssbdestsearch
WA Women's Business Center at Business Impact NW,Celebrating Dreams 2025: Cultivating Our Collective Abundance,"Thursday, April 24 · 4 - 7pm PDT",https://img.evbuc.com/https%3A%2F%2Fcdn.evbuc.com%2Fimages%2F975415573%2F113528488191%2F1%2Foriginal.20250304-235544?crop=focalpoint&fit=crop&w=600&auto=format%2Ccompress&q=75&sharp=10&fp-x=0.005&fp-y=0.005&s=edb3e1f7e5b18ba6a70e574ba3458506,,,,,https://businessimpactnw.org/washington-womens-business-center/,,,,,,https://www.eventbrite.com/e/celebrating-dreams-2025-cultivating-our-collective-abundance-tickets-1255064173729?aff=ebdssbdestsearch
Seattle Fun Events,BunnyCon Easter Bar Hop 2025,April 19 · 2pm - April 20 · 2am PDT,https://img.evbuc.com/https%3A%2F%2Fcdn.evbuc.com%2Fimages%2F916180133%2F187395958135%2F1%2Foriginal.20241212-082030?crop=focalpoint&fit=crop&w=600&auto=format%2Ccompress&q=75&sharp=10&fp-x=0.517045454545&fp-y=0.0918114143921&s=0401c3062527c7243516a470fd0c2636,https://img.evbuc.com/https%3A%2F%2Fcdn.evbuc.com%2Fimages%2F985970873%2F187395958135%2F1%2Foriginal.20250317-204218?w=512&auto=format%2Ccompress&q=75&sharp=10&rect=0%2C0%2C960%2C960&s=e0078973c1b2401b0d10bd216e6a2bc6,https://www.facebook.com/groups/seattlefun/,,,,,,,,,https://www.eventbrite.com/e/bunnycon-easter-bar-hop-2025-tickets-1112380312459?aff=ebdssbdestsearch
Third Place Books,Joe Abercrombie with Robin Hobb — 'The Devils',"Wednesday, May 21 · 7 - 8:30pm PDT",https://img.evbuc.com/https%3A%2F%2Fcdn.evbuc.com%2Fimages%2F977439033%2F285290955607%2F1%2Foriginal.20250306-221537?crop=focalpoint&fit=crop&w=600&auto=format%2Ccompress&q=75&sharp=10&fp-x=0.00488326848249&fp-y=0.0090953307393&s=1b18ffcfc020f11072138caced6eaece,https://img.evbuc.com/https%3A%2F%2Fcdn.evbuc.com%2Fimages%2F101664276%2F285290955607%2F2%2Foriginal.png?w=225&auto=format%2Ccompress&q=75&sharp=10&s=c9f0b2ed69f8df17de8a6cf4a3d9ad2c,https://www.facebook.com/thirdplacelfp,,https://www.twitter.com/ThirdPlaceBooks,http://thirdplacebooks.com/,,,,,,https://www.eventbrite.com/e/joe-abercrombie-with-robin-hobb-the-devils-tickets-1261754865769?aff=ebdssbdestsearch
EO Seattle,Six Years A Hostage with Stephen McGown,"Tuesday, April 22 · 5 - 8:30pm PDT",https://img.evbuc.com/https%3A%2F%2Fcdn.evbuc.com%2Fimages%2F966230463%2F167375235271%2F1%2Foriginal.20250221-150114?crop=focalpoint&fit=crop&w=600&auto=format%2Ccompress&q=75&sharp=10&fp-x=0.536964980545&fp-y=0.0865758754864&s=37fd859d1836f48af713b32c4d4dae5b,https://img.evbuc.com/https%3A%2F%2Fcdn.evbuc.com%2Fimages%2F688463769%2F167375235271%2F1%2Foriginal.20240202-131734?w=225&auto=format%2Ccompress&q=75&sharp=10&s=a7d9241a7b421291d474563f56558941,,,,,,,,,,https://www.eventbrite.com/e/six-years-a-hostage-with-stephen-mcgown-tickets-1256570278529?aff=ebdssbdestsearch
TAAL,TAAL - Bollywood After Dark,April 19 · 10pm - April 20 · 2am PDT,https://img.evbuc.com/https%3A%2F%2Fcdn.evbuc.com%2Fimages%2F992404523%2F7450588579%2F1%2Foriginal.20250325-174340?crop=focalpoint&fit=crop&w=600&auto=format%2Ccompress&q=75&sharp=10&fp-x=0.5&fp-y=0.5&s=6cdca19548440c2b7721242150c6d6ef,https://img.evbuc.com/https%3A%2F%2Fcdn.evbuc.com%2Fimages%2F991358933%2F7450588579%2F1%2Foriginal.20250324-173007?w=512&auto=format%2Ccompress&q=75&sharp=10&rect=0%2C270%2C2160%2C2160&s=1c4df607a11ae3cdb047359766c2f519,,https://www.instagram.com/TaalSeattle,,,,,,,,https://www.eventbrite.com/e/taal-bollywood-after-dark-tickets-1299955815839?aff=ebdssbdestsearch
Substation,Mutoid Man + Special Guests,"Saturday, May 3 · 7 - 11pm PDT",https://img.evbuc.com/https%3A%2F%2Fcdn.evbuc.com%2Fimages%2F984286013%2F293595957504%2F1%2Foriginal.20250314-224436?crop=focalpoint&fit=crop&w=600&auto=format%2Ccompress&q=75&sharp=10&fp-x=0.50199415155&fp-y=0.19105057772&s=40b2d547416d2681b8532a208b9636f6,https://img.evbuc.com/https%3A%2F%2Fcdn.evbuc.com%2Fimages%2F603559589%2F293595957504%2F1%2Foriginal.20230921-190848?w=512&auto=format%2Ccompress&q=75&sharp=10&rect=119%2C383%2C793%2C793&s=6a94ac3094ca2b84d697bfef192b6407,https://www.facebook.com/substationseattle,,https://www.twitter.com/substation206,http://www.substationseattle.com/,,,,,,https://www.eventbrite.com/e/mutoid-man-special-guests-tickets-1286950396279?aff=ebdssbdestsearch
The Swedish Club NW,ABBA Night,"Friday, April 25 · 5:30 - 11pm PDT",https://img.evbuc.com/https%3A%2F%2Fcdn.evbuc.com%2Fimages%2F973945913%2F1500086813393%2F1%2Foriginal.20250303-183453?crop=focalpoint&fit=crop&w=600&auto=format%2Ccompress&q=75&sharp=10&fp-x=0.5&fp-y=0.5&s=9eaa5de027e7a06e3ea5ecabdca1bf19,https://img.evbuc.com/https%3A%2F%2Fcdn.evbuc.com%2Fimages%2F491556099%2F1500086813393%2F1%2Foriginal.20230413-043013?w=500&auto=format%2Ccompress&q=75&sharp=10&rect=0%2C0%2C500%2C500&s=56193b4e703bab1fb7f346e4bd6e8696,,,,https://swedishclubnw.org/,,,,,,https://www.eventbrite.com/e/abba-night-tickets-1267677831519?aff=ebdssbdestsearch
Sync Seattle,Sync Seattle Vibes After 5: April Mixer,"Thursday, April 17 · 6 - 9pm PDT",https://img.evbuc.com/https%3A%2F%2Fcdn.evbuc.com%2Fimages%2F1000046223%2F860356197983%2F1%2Foriginal.20250403-153443?crop=focalpoint&fit=crop&w=600&auto=format%2Ccompress&q=75&sharp=10&fp-x=0.5&fp-y=0.5&s=360992032513619bdb5841b9db0fcf8f,https://img.evbuc.com/https%3A%2F%2Fcdn.evbuc.com%2Fimages%2F285615569%2F860356197983%2F1%2Foriginal.20220516-180536?w=300&auto=format%2Ccompress&q=75&sharp=10&rect=50%2C0%2C300%2C300&s=91561b3c93a70cb9a34527dcaa6bd15a,,,,https://mailchi.mp/d55933ce0def/syncseattle,,,,,,https://www.eventbrite.com/e/sync-seattle-vibes-after-5-april-mixer-tickets-1311923641929?aff=ebdssbdestsearch
Genius Productions,An Evening with Eckhart Tolle in Seattle,"Saturday, May 10 · 7 - 9pm PDT. Doors at 6pm",https://img.evbuc.com/https%3A%2F%2Fcdn.evbuc.com%2Fimages%2F942761313%2F162678786657%2F1%2Foriginal.20250123-110019?w=600&auto=format%2Ccompress&q=75&sharp=10&rect=0%2C0%2C1020%2C510&s=8d7a444903f287ada7c553496d32f623,https://img.evbuc.com/https%3A%2F%2Fcdn.evbuc.com%2Fimages%2F34503702%2F162678786657%2F2%2Foriginal.jpg?w=225&auto=format%2Ccompress&q=75&sharp=10&s=fad1cf01d2629e823ec3d4062598eb0d,,,,,,,,,,https://www.eventbrite.ca/e/an-evening-with-eckhart-tolle-in-seattle-tickets-1219229561439?aff=ebdssbdestsearch
Daricheh Cinema - USA,Seattle - Breakfast With Giraffes a film by Soroush Sehat,"Wednesday, April 23 · 7 - 9:30pm PDT",https://img.evbuc.com/https%3A%2F%2Fcdn.evbuc.com%2Fimages%2F937087553%2F4650103453%2F1%2Foriginal.20250116-044548?crop=focalpoint&fit=crop&w=600&auto=format%2Ccompress&q=75&sharp=10&fp-x=0.498106060606&fp-y=0.484&s=4695a85097dbd28b856083ba502a9eba,https://img.evbuc.com/https%3A%2F%2Fcdn.evbuc.com%2Fimages%2F17089234%2F4650103453%2F2%2Foriginal.jpg?w=225&auto=format%2Ccompress&q=75&sharp=10&s=d4c363efd2658fa1b2d29c12a21c7a13,https://www.facebook.com/darichehcinema,,https://www.twitter.com/darichehcinema,,,,,,,https://www.eventbrite.com/e/seattle-breakfast-with-giraffes-a-film-by-soroush-sehat-tickets-1315622495299?aff=ebdssbdestsearch
The Tantra Institute,Tantra Speed Date® - Seattle! (Kirkland) Meet Singles Speed Dating,"Saturday, April 19 · 6 - 9pm PDT",https://img.evbuc.com/https%3A%2F%2Fcdn.evbuc.com%2Fimages%2F901921303%2F1493533057%2F1%2Foriginal.20230812-192929?w=600&auto=format%2Ccompress&q=75&sharp=10&rect=0%2C170%2C2048%2C1024&s=4685ae42989ee1c4e1f078edb9758ba8,https://img.evbuc.com/https%3A%2F%2Fcdn.evbuc.com%2Fimages%2F531934419%2F1493533057%2F1%2Foriginal.20230608-124934?w=512&auto=format%2Ccompress&q=75&sharp=10&rect=0%2C0%2C1024%2C1024&s=1e09e113465d8b28cf6a296f3aa34c3c,https://www.facebook.com/nytantra,,,https://www.tantrany.com/?aff=4eb,,,,,,https://www.eventbrite.com/e/tantra-speed-date-seattle-kirkland-meet-singles-speed-dating-tickets-1088428411679?aff=ebdssbdestsearch
tech Seattle,Seattle Tech Mixer 2025,"Thursday, April 24 · 6 - 9pm PDT",https://img.evbuc.com/https%3A%2F%2Fcdn.evbuc.com%2Fimages%2F548764689%2F1317099778183%2F1%2Foriginal.20230705-130845?w=600&auto=format%2Ccompress&q=75&sharp=10&rect=0%2C0%2C2160%2C1080&s=d890bc834d7cc941f183e004a03eafb0,,,,,,,,,,,https://www.eventbrite.com/e/seattle-tech-mixer-2025-tickets-1303284742749?aff=ebdssbdestsearch
Opulent Temple & SDF,Opulent Temple Seattle presents Sacred Dance (white costume party),April 25 · 9pm - April 26 · 4am PDT. Doors at 9pm,https://img.evbuc.com/https%3A%2F%2Fcdn.evbuc.com%2Fimages%2F936136183%2F236983077089%2F1%2Foriginal.20250115-072929?crop=focalpoint&fit=crop&w=600&auto=format%2Ccompress&q=75&sharp=10&fp-x=0.00489299610895&fp-y=0.000272373540856&s=e32a3f49feba417cafd188838274395f,https://img.evbuc.com/https%3A%2F%2Fcdn.evbuc.com%2Fimages%2F231692749%2F236983077089%2F1%2Foriginal.20220217-075123?w=512&auto=format%2Ccompress&q=75&sharp=10&rect=0%2C180%2C1224%2C1224&s=a5c9d6bf049340243470bc23802275e4,,,,http://www.opulenttemple.org/,,,,,,https://www.eventbrite.com/e/opulent-temple-seattle-presents-sacred-dance-white-costume-party-tickets-1147842972229?aff=ebdssbdestsearch
Polsinelli,2025 WSSHA Spring Health Law Conference,"Friday, May 2 · 7:30am - 6pm PDT",https://img.evbuc.com/https%3A%2F%2Fcdn.evbuc.com%2Fimages%2F981356013%2F222778289774%2F1%2Foriginal.20250311-231458?crop=focalpoint&fit=crop&w=600&auto=format%2Ccompress&q=75&sharp=10&fp-x=0.140151515152&fp-y=0.501865671642&s=b9c4fdfb6c77a2ae9012b88fba729aef,,,,,,,,,,,https://www.eventbrite.com/e/2025-wssha-spring-health-law-conference-tickets-1262828517089?aff=ebdssbdestsearch
Creative Works,Creative Works WEST II,N/A,https://img.evbuc.com/https%3A%2F%2Fcdn.evbuc.com%2Fimages%2F911626193%2F99565677941%2F1%2Foriginal.20241204-175912?crop=focalpoint&fit=crop&w=600&auto=format%2Ccompress&q=75&sharp=10&fp-x=0.499053030303&fp-y=0.511194029851&s=91589f70450e315ae94b1871a317b34a,https://img.evbuc.com/https%3A%2F%2Fcdn.evbuc.com%2Fimages%2F49726303%2F99565677941%2F2%2Foriginal.png?w=225&auto=format%2Ccompress&q=75&sharp=10&s=b56766689c05fd00384867e8cbd8a20e,https://www.facebook.com/creativeworks,,https://www.twitter.com/cworksco,http://creativeworks.co/,,,,,,https://www.eventbrite.com/e/creative-works-west-ii-tickets-1079788469379?aff=ebdssbdestsearch
Papaya Project,Sex Trivia @ Reuben's Brews - Ballard,"Thursday, April 17 · 7 - 9pm PDT. Doors at 5:30pm",https://img.evbuc.com/https%3A%2F%2Fcdn.evbuc.com%2Fimages%2F1008545673%2F840992836663%2F1%2Foriginal.20250414-171825?crop=focalpoint&fit=crop&w=600&auto=format%2Ccompress&q=75&sharp=10&fp-x=0.502840909091&fp-y=0.546357615894&s=4aa15d0e3756b812d47a4331f052f822,https://img.evbuc.com/https%3A%2F%2Fcdn.evbuc.com%2Fimages%2F324075399%2F840992836663%2F1%2Foriginal.20220725-174844?w=225&auto=format%2Ccompress&q=75&sharp=10&s=8a343c696615b656f63da71f015112b1,,,,,,,,,,https://www.eventbrite.com/e/sex-trivia-reubens-brews-ballard-registration-1298630100589?aff=ebdssbdestsearch
