organizerName,facebook,instagram,twitter,personal website,LinkedIn,Pinterest,WeChat,WhatsApp,TikTok,eventbrite event link
Laughs Comedy Club,https://www.facebook.com/LaughsComedySeattle,,https://www.twitter.com/laughscomedySEA,https://laughscomedyclub.com/,,,,,,https://www.eventbrite.com/e/comedian-alyce-chan-april-24th-8-pm-at-laughs-comedy-club-seattle-tickets-1055798595019?aff=ebdssbdestsearch
TAAL,,https://www.instagram.com/TaalSeattle,,,,,,,,https://www.eventbrite.com/e/taal-bollywood-after-dark-tickets-1299955815839?aff=ebdssbdestsearch
Seattle Fun Events,https://www.facebook.com/groups/seattlefun/,,,,,,,,,https://www.eventbrite.com/e/bunnycon-easter-bar-hop-2025-tickets-1112380312459?aff=ebdssbdestsearch
Substation,https://www.facebook.com/substationseattle,,https://www.twitter.com/substation206,http://www.substationseattle.com/,,,,,,https://www.eventbrite.com/e/mutoid-man-special-guests-tickets-1286950396279?aff=ebdssbdestsearch
Daricheh Cinema - USA,https://www.facebook.com/darichehcinema,,https://www.twitter.com/darichehcinema,,,,,,,https://www.eventbrite.com/e/seattle-breakfast-with-giraffes-a-film-by-soroush-sehat-tickets-1315622495299?aff=ebdssbdestsearch
UW Rowing,,,,,,,,,,https://www.eventbrite.com/e/the-annual-varsity-boat-club-reunion-night-registration-1248386701229?aff=ebdssbdestsearch
North America Asian Food Industry Association,,,,,,,,,,https://www.eventbrite.com/e/2025-taste-of-asia-food-restaurant-industry-confereseattle-tickets-1292213408089?aff=ebdssbdestsearch
DAYBREAKER,,,,https://www.daybreaker.com/world,,,,,,https://www.eventbrite.com/e/daybreaker-sea-w-bellevue-april-26-tickets-1254544027959?aff=ebdssbdestsearch
AIA Seattle,https://www.facebook.com/AIASeattle,,https://www.twitter.com/AIASeattle,,,,,,,https://www.eventbrite.com/e/2025-aia-seattle-parti-tickets-1247608152569?aff=ebdssbdestsearch
Genius Productions,,,,,,,,,,https://www.eventbrite.ca/e/an-evening-with-eckhart-tolle-in-seattle-tickets-1219229561439?aff=ebdssbdestsearch
Somali Student Association UW,https://www.facebook.com/ssa.uw,,,,,,,,,https://www.eventbrite.com/e/6th-annual-ssa-national-entire-conference-tickets-1267884078409?aff=ebdssbdestsearch
Women in Tech Regatta,https://www.facebook.com/womenintechregatta,,https://www.twitter.com/witregatta,https://www.womenintechregatta.com/,,,,,,https://www.eventbrite.com/e/seattle-women-in-tech-regatta-2025-tickets-1143339231419?aff=ebdssbdestsearch
Seattle Hotel Concierge Association,https://www.facebook.com/seattlehotelconcierge,,https://www.twitter.com/SHCA_Concierge,http://www.seattlehotelconciergeassociation.org/,,,,,,https://www.eventbrite.com/e/2025-seattle-hospitality-tradeshow-registration-1235103851869?aff=ebdssbdestsearch
Opulent Temple & SDF,,,,http://www.opulenttemple.org/,,,,,,https://www.eventbrite.com/e/opulent-temple-seattle-presents-sacred-dance-white-costume-party-tickets-1147842972229?aff=ebdssbdestsearch
KUOW Public Radio,https://www.facebook.com/KUOWPublicRadio,,,https://kuow.org/,,,,,,https://www.eventbrite.com/e/kuow-presents-the-splendid-table-live-in-seattle-tickets-1110794950599?aff=ebdssbdestsearch
Jacob Weaver Group,,,,https://jacobweavergroup.com/,,,,,,https://www.eventbrite.com/e/seattle-regional-rally-exp-realty-tickets-1206017764599?aff=ebdssbdestsearch
Northwest Voice,https://www.facebook.com/nwvoice,,https://www.twitter.com/NWVoiceASPV,https://northwestvoice.org/,,,,,,https://www.eventbrite.com/e/the-art-and-science-of-the-performing-voice-2025-tickets-1012392462107?aff=ebdssbdestsearch
Creative Works,https://www.facebook.com/creativeworks,,https://www.twitter.com/cworksco,http://creativeworks.co/,,,,,,https://www.eventbrite.com/e/creative-works-west-ii-tickets-1079788469379?aff=ebdssbdestsearch
Polsinelli,,,,,,,,,,https://www.eventbrite.com/e/2025-wssha-spring-health-law-conference-tickets-1262828517089?aff=ebdssbdestsearch
